file	cow_label	v1_score	v2_score	cost_usd
examples/cow/c01.rs	no	0.63	0.37	0.000163
examples/cow/c02.rs	yes	0.85	0.69	0.000151
examples/cow/c03.rs	yes	0.86	0.73	0.000152
examples/cow/c04.rs	no	0.58	0.4	0.000164
examples/cow/c05.rs	yes	0.8	0.76	0.000174
examples/cow/c06.rs	no	0.19	0.11	0.000174
examples/cow/c07.rs	no	0.51	0.35	0.000162
examples/cow/c08.rs	yes	0.86	0.84	0.000148
examples/cow/c09.rs	yes	0.81	0.63	0.000156
examples/cow/c10.rs	no	0.55	0.25	0.000168
examples/cow/complex.rs	yes	0.9	0.89	0.000063
examples/cow/m01.rs	yes	0.77	0.81	0.000073
examples/cow/m02.rs	no	0.41	0.28	0.000072
examples/cow/m03.rs	yes	0.85	0.87	0.000070
examples/cow/m04.rs	no	0.49	0.13	0.000081
examples/cow/m05.rs	no	0.6	0.5	0.000071
examples/cow/m06.rs	yes	0.74	0.44	0.000077
examples/cow/m07.rs	no	0.6	0.12	0.000075
examples/cow/m08.rs	yes	0.82	0.84	0.000071
examples/cow/m09.rs	no	0.56	0.27	0.000080
examples/cow/m10.rs	yes	0.86	0.82	0.000074
examples/cow/main.rs	yes	0.87	0.9	0.000045
examples/cow/no_cow.rs	no	0.46	0.13	0.000094
examples/cow/s01.rs	yes	0.86	0.91	0.000049
examples/cow/s02.rs	no	0.24	0.23	0.000052
examples/cow/s03.rs	yes	0.78	0.8	0.000052
examples/cow/s04.rs	no	0.5	0.13	0.000049
examples/cow/s05.rs	no	0.73	0.63	0.000050
examples/cow/s06.rs	yes	0.87	0.92	0.000047
examples/cow/s07.rs	yes	0.52	0.53	0.000047
examples/cow/s08.rs	no	0.5	0.09	0.000051
examples/cow/s09.rs	yes	0.85	0.88	0.000048
examples/cow/s10.rs	no	0.05	0.08	0.000047
examples/cow/semi_no_cow.rs	no	0.2	0.1	0.000057
examples/cow/very_complex.rs	yes	0.86	0.8	0.000124
examples/cow/very_complex_no_cow.rs	no	0.13	0.1	0.000132
