file	cow_label	cow_score	slice_param_label	slice_param_score	needless_clone_label	needless_clone_score	unwrap_label	unwrap_score	needless_collect_label	needless_collect_score	quadratic_label	quadratic_score	lock_scope_label	lock_scope_score	silent_error_label	silent_error_score	stringly_typed_label	stringly_typed_score	boolean_trap_label	boolean_trap_score	index_loop_label	index_loop_score	manual_reimpl_label	manual_reimpl_score	double_lookup_label	double_lookup_score	lossy_cast_label	lossy_cast_score	unsigned_underflow_label	unsigned_underflow_score	float_misuse_label	float_misuse_score	rc_cycle_label	rc_cycle_score	string_errors_label	string_errors_score
examples/boolean_trap/x01.rs	no	0.26	no	0.05	no	0.07	no	0.04	no	0.10	no	0.04	no	0.04	no	0.03	no	0.09	yes	0.85	no	0.03	no	0.06	no	0.03	no	0.03	no	0.04	no	0.03	no	0.02	no	0.04
examples/boolean_trap/x02.rs	no	0.06	no	0.06	no	0.04	no	0.04	no	0.05	no	0.03	no	0.04	no	0.04	no	0.07	no	0.08	no	0.02	no	0.06	no	0.02	no	0.05	no	0.06	no	0.04	no	0.02	no	0.04
examples/boolean_trap/x03.rs	no	0.18	no	0.06	no	0.09	no	0.03	no	0.22	no	0.10	no	0.04	no	0.04	no	0.06	no	0.05	no	0.04	no	0.24	no	0.02	no	0.04	no	0.08	no	0.03	no	0.02	no	0.04
examples/boolean_trap/x04.rs	no	0.30	no	0.15	no	0.43	no	0.05	no	0.55	no	0.11	no	0.04	no	0.06	no	0.09	yes	0.84	no	0.04	no	0.28	no	0.29	no	0.04	no	0.07	no	0.03	no	0.02	no	0.04
examples/boolean_trap/x05.rs	no	0.15	no	0.09	no	0.30	no	0.21	no	0.31	no	0.40	no	0.04	no	0.08	no	0.05	no	0.03	no	0.20	no	0.20	no	0.03	no	0.04	no	0.08	no	0.03	no	0.02	no	0.04
examples/boolean_trap/x06.rs	no	0.08	no	0.07	no	0.06	no	0.04	no	0.09	no	0.12	no	0.04	no	0.05	no	0.10	yes	0.54	no	0.04	no	0.20	no	0.04	no	0.05	no	0.11	no	0.03	no	0.02	no	0.05
examples/boolean_trap/x07.rs	no	0.09	no	0.05	no	0.07	no	0.50	no	0.04	no	0.03	no	0.04	no	0.46	no	0.07	yes	0.93	no	0.03	no	0.05	no	0.03	no	0.08	no	0.09	no	0.03	no	0.02	no	0.05
examples/boolean_trap/x08.rs	no	0.26	no	0.11	no	0.36	no	0.08	no	0.16	no	0.07	no	0.06	no	0.28	no	0.08	no	0.07	no	0.24	no	0.14	no	0.09	no	0.07	no	0.10	no	0.03	no	0.03	no	0.10
examples/boolean_trap/x09.rs	no	0.33	no	0.07	no	0.38	no	0.21	no	0.12	no	0.05	no	0.15	no	0.22	no	0.10	yes	0.94	no	0.05	no	0.10	no	0.15	no	0.09	no	0.07	no	0.03	no	0.03	no	0.05
examples/boolean_trap/x10.rs	no	0.08	no	0.08	no	0.11	no	0.05	no	0.50	no	0.41	no	0.04	no	0.10	no	0.07	no	0.10	no	0.08	no	0.13	no	0.05	no	0.05	no	0.10	no	0.03	no	0.02	no	0.06
examples/cow/c01.rs	no	0.43	no	0.09	no	0.30	no	0.40	no	0.33	no	0.07	-	0.15	-	0.52	-	0.11	-	0.04	-	0.07	-	0.30	-	0.10	-	0.16	-	0.10	-	0.04	-	0.05	-	0.09
examples/cow/c02.rs	yes	0.73	no	0.08	no	0.46	no	0.72	no	0.22	no	0.23	-	0.04	-	0.63	-	0.08	-	0.07	-	0.06	-	0.37	-	0.38	-	0.76	-	0.19	-	0.06	-	0.02	-	0.06
examples/cow/c03.rs	yes	0.83	no	0.14	no	0.49	no	0.36	no	0.46	no	0.31	-	0.05	-	0.29	-	0.10	-	0.05	-	0.05	-	0.29	-	0.07	-	0.05	-	0.16	-	0.03	-	0.03	-	0.11
examples/cow/c04.rs	no	0.30	no	0.12	no	0.27	no	0.28	no	0.37	no	0.11	-	0.04	-	0.25	-	0.42	-	0.17	-	0.06	-	0.29	-	0.10	-	0.06	-	0.12	-	0.03	-	0.02	-	0.06
examples/cow/c05.rs	yes	0.73	no	0.27	yes	0.66	no	0.27	no	0.22	no	0.38	-	0.05	-	0.59	-	0.08	-	0.05	-	0.07	-	0.25	-	0.10	-	0.06	-	0.13	-	0.03	-	0.02	-	0.05
examples/cow/c06.rs	no	0.14	no	0.08	no	0.11	no	0.26	no	0.45	no	0.21	-	0.04	-	0.27	-	0.10	-	0.05	-	0.29	-	0.37	-	0.04	-	0.06	-	0.13	-	0.03	-	0.03	-	0.06
examples/cow/c07.rs	no	0.42	yes	0.85	no	0.41	no	0.26	no	0.40	no	0.18	-	0.05	-	0.22	-	0.10	-	0.04	-	0.07	-	0.25	-	0.32	-	0.46	-	0.28	-	0.04	-	0.03	-	0.05
examples/cow/c08.rs	yes	0.87	no	0.09	no	0.35	no	0.05	no	0.52	no	0.10	-	0.04	-	0.07	-	0.24	-	0.04	-	0.05	-	0.26	-	0.15	-	0.06	-	0.09	-	0.03	-	0.02	-	0.05
examples/cow/c09.rs	yes	0.67	no	0.09	no	0.58	no	0.08	no	0.31	no	0.09	-	0.07	-	0.08	-	0.10	-	0.08	-	0.06	-	0.27	-	0.06	-	0.48	-	0.09	-	0.04	-	0.02	-	0.07
examples/cow/c10.rs	no	0.35	no	0.18	no	0.40	no	0.36	no	0.39	no	0.10	-	0.30	-	0.56	-	0.42	-	0.24	-	0.08	-	0.34	-	0.88	-	0.38	-	0.09	-	0.03	-	0.07	-	0.81
examples/cow/complex.rs	yes	0.90	no	0.07	no	0.71	no	0.37	no	0.07	no	0.06	-	0.04	-	0.80	-	0.10	-	0.03	-	0.03	-	0.37	-	0.05	-	0.03	-	0.08	-	0.02	-	0.02	-	0.14
examples/cow/m01.rs	yes	0.79	no	0.08	no	0.70	no	0.06	no	0.47	no	0.05	-	0.04	-	0.63	-	0.09	-	0.04	-	0.03	-	0.09	-	0.20	-	0.04	-	0.05	-	0.03	-	0.02	-	0.11
examples/cow/m02.rs	no	0.23	no	0.08	no	0.10	no	0.05	no	0.35	no	0.11	-	0.03	-	0.04	-	0.06	-	0.03	-	0.03	-	0.18	-	0.03	-	0.03	-	0.06	-	0.03	-	0.02	-	0.04
examples/cow/m03.rs	yes	0.85	no	0.08	no	0.40	no	0.05	no	0.54	no	0.09	-	0.04	-	0.11	-	0.07	-	0.04	-	0.04	-	0.21	-	0.03	-	0.04	-	0.07	-	0.03	-	0.02	-	0.05
examples/cow/m04.rs	no	0.14	no	0.08	no	0.19	no	0.07	no	0.17	no	0.08	-	0.04	-	0.06	-	0.06	-	0.04	-	0.03	-	0.42	-	0.11	-	0.13	-	0.09	-	0.03	-	0.02	-	0.04
examples/cow/m05.rs	no	0.46	no	0.16	no	0.33	no	0.44	no	0.19	no	0.07	-	0.04	-	0.13	-	0.06	-	0.03	-	0.05	-	0.10	-	0.03	-	0.08	-	0.07	-	0.03	-	0.03	-	0.05
examples/cow/m06.rs	yes	0.63	no	0.07	no	0.38	no	0.44	no	0.28	no	0.09	-	0.04	-	0.16	-	0.04	-	0.04	-	0.04	-	0.21	-	0.08	-	0.04	-	0.06	-	0.03	-	0.02	-	0.04
examples/cow/m07.rs	no	0.14	no	0.20	yes	0.43	no	0.35	no	0.17	no	0.04	-	0.04	-	0.17	-	0.06	-	0.03	-	0.03	-	0.20	-	0.08	-	0.04	-	0.06	-	0.03	-	0.02	-	0.05
examples/cow/m08.rs	yes	0.83	no	0.08	no	0.43	no	0.48	no	0.32	no	0.48	-	0.04	-	0.40	-	0.10	-	0.04	-	0.03	-	0.09	-	0.04	-	0.03	-	0.07	-	0.02	-	0.02	-	0.06
examples/cow/m09.rs	no	0.26	no	0.15	no	0.40	no	0.15	no	0.25	no	0.07	-	0.03	-	0.89	-	0.07	-	0.04	-	0.04	-	0.12	-	0.78	-	0.05	-	0.06	-	0.03	-	0.02	-	0.06
examples/cow/m10.rs	yes	0.79	no	0.07	no	0.36	no	0.05	no	0.23	no	0.48	-	0.03	-	0.05	-	0.08	-	0.03	-	0.04	-	0.15	-	0.04	-	0.04	-	0.07	-	0.03	-	0.02	-	0.05
examples/cow/main.rs	yes	0.88	no	0.07	no	0.34	no	0.03	no	0.30	no	0.04	-	0.03	-	0.03	-	0.04	-	0.03	-	0.03	-	0.47	-	0.02	-	0.03	-	0.04	-	0.02	-	0.01	-	0.04
examples/cow/no_cow.rs	no	0.19	no	0.09	no	0.22	no	0.31	yes	0.27	no	0.09	-	0.05	-	0.88	-	0.09	-	0.03	-	0.04	-	0.17	-	0.07	-	0.25	-	0.18	-	0.03	-	0.03	-	0.06
examples/cow/s01.rs	yes	0.91	no	0.05	no	0.34	no	0.05	no	0.05	no	0.04	-	0.04	-	0.22	-	0.06	-	0.03	-	0.03	-	0.05	-	0.02	-	0.03	-	0.09	-	0.02	-	0.02	-	0.06
examples/cow/s02.rs	no	0.15	no	0.04	no	0.05	no	0.03	no	0.06	no	0.05	-	0.04	-	0.04	-	0.07	-	0.03	-	0.02	-	0.16	-	0.02	-	0.03	-	0.05	-	0.02	-	0.01	-	0.04
examples/cow/s03.rs	yes	0.85	no	0.05	no	0.46	no	0.27	no	0.10	no	0.05	-	0.03	-	0.04	-	0.03	-	0.03	-	0.05	-	0.05	-	0.02	-	0.03	-	0.08	-	0.02	-	0.01	-	0.04
examples/cow/s04.rs	no	0.17	no	0.04	no	0.29	no	0.03	no	0.05	no	0.09	-	0.03	-	0.04	-	0.04	-	0.03	-	0.03	-	0.28	-	0.02	-	0.03	-	0.05	-	0.02	-	0.01	-	0.04
examples/cow/s05.rs	no	0.72	no	0.06	no	0.28	no	0.05	no	0.20	no	0.04	-	0.04	-	0.09	-	0.06	-	0.03	-	0.04	-	0.07	-	0.03	-	0.03	-	0.05	-	0.02	-	0.02	-	0.04
examples/cow/s06.rs	yes	0.91	no	0.05	no	0.32	no	0.03	no	0.13	no	0.84	-	0.04	-	0.03	-	0.06	-	0.03	-	0.03	-	0.45	-	0.05	-	0.03	-	0.05	-	0.02	-	0.01	-	0.04
examples/cow/s07.rs	yes	0.79	no	0.05	no	0.17	no	0.04	no	0.03	no	0.03	-	0.04	-	0.04	-	0.04	-	0.03	-	0.02	-	0.04	-	0.02	-	0.03	-	0.04	-	0.02	-	0.01	-	0.04
examples/cow/s08.rs	no	0.09	no	0.10	yes	0.48	no	0.04	no	0.04	no	0.04	-	0.04	-	0.07	-	0.08	-	0.03	-	0.02	-	0.46	-	0.04	-	0.03	-	0.05	-	0.02	-	0.01	-	0.04
examples/cow/s09.rs	yes	0.89	no	0.08	no	0.82	no	0.03	no	0.04	no	0.03	-	0.03	-	0.08	-	0.06	-	0.02	-	0.02	-	0.05	-	0.04	-	0.03	-	0.04	-	0.02	-	0.01	-	0.08
examples/cow/s10.rs	no	0.09	no	0.04	no	0.05	no	0.03	no	0.03	no	0.03	-	0.03	-	0.11	-	0.07	-	0.03	-	0.02	-	0.04	-	0.02	-	0.02	-	0.04	-	0.02	-	0.01	-	0.17
examples/cow/semi_no_cow.rs	no	0.11	no	0.07	no	0.10	no	0.07	no	0.40	no	0.06	-	0.04	-	0.92	-	0.06	-	0.03	-	0.04	-	0.08	-	0.03	-	0.04	-	0.06	-	0.07	-	0.02	-	0.05
examples/cow/very_complex.rs	yes	0.87	no	0.10	no	0.58	no	0.06	no	0.52	no	0.17	-	0.04	-	0.34	-	0.15	-	0.04	-	0.05	-	0.26	-	0.10	-	0.05	-	0.17	-	0.03	-	0.03	-	0.06
examples/cow/very_complex_no_cow.rs	no	0.12	no	0.08	no	0.15	no	0.69	no	0.23	no	0.11	-	0.20	-	0.28	-	0.05	-	0.05	-	0.11	-	0.36	-	0.05	-	0.53	-	0.18	-	0.04	-	0.10	-	0.08
examples/double_lookup/x01.rs	no	0.17	no	0.11	no	0.34	no	0.09	no	0.14	no	0.04	no	0.03	no	0.04	no	0.05	no	0.03	no	0.03	no	0.30	yes	0.95	no	0.04	no	0.05	no	0.02	no	0.01	no	0.04
examples/double_lookup/x02.rs	no	0.16	no	0.14	no	0.27	no	0.19	no	0.20	no	0.06	no	0.04	no	0.44	no	0.05	no	0.03	no	0.03	no	0.22	no	0.13	no	0.04	no	0.05	no	0.02	no	0.02	no	0.04
examples/double_lookup/x03.rs	no	0.06	no	0.06	no	0.06	no	0.05	no	0.09	no	0.04	no	0.04	no	0.08	no	0.11	no	0.03	no	0.02	no	0.06	no	0.07	no	0.04	no	0.08	no	0.02	no	0.01	no	0.06
examples/double_lookup/x04.rs	no	0.23	no	0.07	no	0.24	no	0.09	no	0.06	no	0.11	no	0.04	no	0.07	no	0.11	no	0.03	no	0.03	no	0.35	yes	0.70	no	0.03	no	0.05	no	0.03	no	0.02	no	0.07
examples/double_lookup/x05.rs	no	0.09	no	0.10	no	0.09	no	0.05	no	0.22	no	0.06	no	0.04	no	0.08	no	0.06	no	0.04	no	0.04	no	0.14	yes	0.25	no	0.05	no	0.08	no	0.03	no	0.02	no	0.04
examples/double_lookup/x06.rs	no	0.07	no	0.06	no	0.06	no	0.05	no	0.09	no	0.06	no	0.04	no	0.08	no	0.07	no	0.03	no	0.04	no	0.14	no	0.15	no	0.03	no	0.05	no	0.02	no	0.02	no	0.06
examples/double_lookup/x07.rs	no	0.11	no	0.07	no	0.32	no	0.05	no	0.06	no	0.05	no	0.04	no	0.06	no	0.09	no	0.04	no	0.03	no	0.06	no	0.23	no	0.05	no	0.16	no	0.03	no	0.02	no	0.04
examples/double_lookup/x08.rs	no	0.14	no	0.15	no	0.31	no	0.15	no	0.25	no	0.09	no	0.06	no	0.42	no	0.07	no	0.04	no	0.04	no	0.26	yes	0.89	no	0.04	no	0.07	no	0.03	no	0.03	no	0.07
examples/double_lookup/x09.rs	no	0.11	no	0.09	no	0.15	no	0.07	no	0.16	no	0.12	no	0.05	no	0.12	no	0.06	no	0.06	no	0.06	no	0.24	no	0.15	no	0.06	no	0.13	no	0.03	no	0.02	no	0.05
examples/double_lookup/x10.rs	no	0.15	no	0.08	no	0.13	no	0.13	no	0.25	no	0.08	no	0.05	no	0.29	no	0.06	no	0.04	no	0.05	no	0.26	yes	0.44	no	0.06	no	0.08	no	0.03	no	0.02	no	0.06
examples/float_misuse/x01.rs	no	0.06	no	0.06	no	0.05	no	0.05	no	0.04	no	0.03	no	0.04	no	0.23	no	0.04	no	0.03	no	0.03	no	0.04	no	0.02	no	0.09	no	0.07	no	0.04	no	0.01	no	0.05
examples/float_misuse/x02.rs	no	0.06	no	0.05	no	0.05	no	0.04	no	0.04	no	0.03	no	0.04	no	0.04	no	0.04	no	0.03	no	0.03	no	0.06	no	0.02	no	0.04	no	0.05	yes	0.91	no	0.01	no	0.03
examples/float_misuse/x03.rs	no	0.05	no	0.05	no	0.06	no	0.04	no	0.05	no	0.03	no	0.03	no	0.04	no	0.03	no	0.04	no	0.03	no	0.06	no	0.03	no	0.03	no	0.05	yes	0.72	no	0.02	no	0.03
examples/float_misuse/x04.rs	no	0.09	no	0.08	no	0.10	no	0.06	no	0.06	no	0.09	no	0.04	no	0.10	no	0.05	no	0.04	no	0.03	no	0.20	no	0.03	no	0.11	no	0.08	no	0.03	no	0.02	no	0.05
examples/float_misuse/x05.rs	no	0.08	no	0.06	no	0.09	no	0.04	no	0.05	no	0.03	no	0.04	no	0.06	no	0.07	no	0.04	no	0.05	no	0.18	no	0.03	no	0.08	no	0.09	no	0.15	no	0.02	no	0.06
examples/float_misuse/x06.rs	no	0.08	no	0.06	no	0.08	no	0.04	no	0.43	no	0.05	no	0.04	no	0.06	no	0.05	no	0.03	no	0.05	no	0.30	no	0.03	no	0.04	no	0.07	yes	0.48	no	0.02	no	0.04
examples/float_misuse/x07.rs	no	0.06	no	0.07	no	0.06	no	0.04	no	0.06	no	0.05	no	0.04	no	0.05	no	0.05	no	0.04	no	0.03	no	0.19	no	0.05	no	0.04	no	0.06	yes	0.90	no	0.02	no	0.04
examples/float_misuse/x08.rs	no	0.08	no	0.07	no	0.22	no	0.13	no	0.32	no	0.05	no	0.06	no	0.41	no	0.06	no	0.06	no	0.05	no	0.26	no	0.07	no	0.14	no	0.13	no	0.07	no	0.03	no	0.05
examples/float_misuse/x09.rs	no	0.16	no	0.08	no	0.16	no	0.12	no	0.43	no	0.10	no	0.24	no	0.11	no	0.08	no	0.04	no	0.05	no	0.20	no	0.11	no	0.07	no	0.09	yes	0.95	no	0.05	no	0.04
examples/float_misuse/x10.rs	no	0.07	no	0.15	no	0.15	no	0.06	no	0.25	no	0.07	no	0.04	no	0.12	no	0.09	no	0.05	no	0.04	no	0.08	no	0.04	no	0.05	no	0.07	no	0.06	no	0.02	no	0.05
examples/index_loop/x01.rs	no	0.07	no	0.06	no	0.04	no	0.04	no	0.03	no	0.02	no	0.04	no	0.04	no	0.05	no	0.03	yes	0.92	no	0.25	no	0.02	no	0.03	no	0.05	no	0.04	no	0.01	no	0.04
examples/index_loop/x02.rs	no	0.06	no	0.07	no	0.05	no	0.04	no	0.04	no	0.04	no	0.03	no	0.04	no	0.04	no	0.03	no	0.16	no	0.27	no	0.02	no	0.04	no	0.10	no	0.02	no	0.01	no	0.04
examples/index_loop/x03.rs	no	0.07	no	0.09	no	0.21	no	0.04	no	0.04	no	0.03	no	0.03	no	0.06	no	0.04	no	0.02	yes	0.95	no	0.12	no	0.02	no	0.03	no	0.06	no	0.02	no	0.01	no	0.04
examples/index_loop/x04.rs	no	0.06	no	0.05	no	0.09	no	0.04	no	0.10	no	0.03	no	0.04	no	0.04	no	0.05	no	0.03	no	0.11	no	0.16	no	0.03	no	0.04	no	0.12	no	0.02	no	0.02	no	0.04
examples/index_loop/x05.rs	no	0.16	no	0.06	no	0.16	no	0.05	no	0.46	no	0.08	no	0.04	no	0.06	no	0.08	no	0.03	no	0.45	no	0.16	no	0.03	no	0.04	no	0.08	no	0.02	no	0.02	no	0.04
examples/index_loop/x06.rs	no	0.10	no	0.06	no	0.21	no	0.04	no	0.04	no	0.04	no	0.04	no	0.06	no	0.05	no	0.03	yes	0.91	no	0.42	no	0.03	no	0.04	no	0.09	no	0.03	no	0.02	no	0.04
examples/index_loop/x07.rs	no	0.08	no	0.07	no	0.08	no	0.05	no	0.10	no	0.04	no	0.04	no	0.05	no	0.06	no	0.04	yes	0.84	no	0.15	no	0.03	no	0.54	no	0.13	no	0.05	no	0.02	no	0.04
examples/index_loop/x08.rs	no	0.09	no	0.07	no	0.09	no	0.06	no	0.26	no	0.19	no	0.03	no	0.10	no	0.09	no	0.04	no	0.20	no	0.19	no	0.09	no	0.05	no	0.13	no	0.03	no	0.02	no	0.05
examples/index_loop/x09.rs	no	0.10	no	0.11	no	0.17	no	0.09	no	0.43	no	0.10	no	0.05	no	0.14	no	0.09	no	0.04	yes	0.86	no	0.69	no	0.04	no	0.19	no	0.10	no	0.06	no	0.03	no	0.05
examples/index_loop/x10.rs	no	0.08	no	0.08	no	0.12	no	0.05	no	0.17	no	0.05	no	0.04	no	0.06	no	0.05	no	0.04	no	0.12	no	0.14	no	0.03	no	0.50	no	0.22	no	0.03	no	0.02	no	0.05
examples/lock_scope/x01.rs	no	0.08	no	0.10	no	0.09	no	0.13	no	0.07	no	0.05	yes	0.92	no	0.22	no	0.04	no	0.03	no	0.03	no	0.12	no	0.02	no	0.03	no	0.05	no	0.02	no	0.04	no	0.05
examples/lock_scope/x02.rs	no	0.05	no	0.05	no	0.07	no	0.06	no	0.10	no	0.05	no	0.34	no	0.14	no	0.04	no	0.04	no	0.04	no	0.13	no	0.03	no	0.06	no	0.06	no	0.02	no	0.05	no	0.04
examples/lock_scope/x03.rs	no	0.14	no	0.07	no	0.33	no	0.26	no	0.04	no	0.03	no	0.12	no	0.56	no	0.09	no	0.04	no	0.03	no	0.06	no	0.06	no	0.04	no	0.06	no	0.02	no	0.02	no	0.09
examples/lock_scope/x04.rs	no	0.07	no	0.06	no	0.09	no	0.13	no	0.10	no	0.07	yes	0.64	no	0.17	no	0.04	no	0.04	no	0.23	no	0.18	no	0.06	no	0.35	no	0.09	no	0.03	no	0.05	no	0.04
examples/lock_scope/x05.rs	no	0.20	no	0.11	no	0.40	no	0.15	no	0.13	no	0.06	no	0.24	no	0.24	no	0.06	no	0.04	no	0.05	no	0.11	no	0.11	no	0.05	no	0.14	no	0.03	no	0.05	no	0.06
examples/lock_scope/x06.rs	no	0.05	no	0.06	no	0.08	no	0.20	no	0.04	no	0.06	yes	0.79	no	0.42	no	0.12	no	0.04	no	0.03	no	0.28	no	0.03	no	0.05	no	0.08	no	0.03	no	0.06	no	0.04
examples/lock_scope/x07.rs	no	0.12	no	0.07	no	0.21	no	0.19	no	0.26	no	0.05	no	0.10	no	0.40	no	0.13	no	0.04	no	0.04	no	0.27	no	0.05	no	0.05	no	0.06	no	0.03	no	0.05	no	0.06
examples/lock_scope/x08.rs	no	0.11	no	0.06	no	0.15	no	0.15	no	0.35	no	0.12	yes	0.33	no	0.09	no	0.06	no	0.04	no	0.11	no	0.39	no	0.12	no	0.05	no	0.11	no	0.03	no	0.05	no	0.04
examples/lock_scope/x09.rs	no	0.17	no	0.13	no	0.51	no	0.19	no	0.27	no	0.09	yes	0.54	no	0.56	no	0.07	no	0.04	no	0.04	no	0.32	no	0.08	no	0.08	no	0.09	no	0.03	no	0.09	no	0.06
examples/lock_scope/x10.rs	no	0.25	no	0.18	no	0.33	no	0.19	no	0.36	no	0.32	no	0.21	no	0.28	no	0.13	no	0.07	no	0.06	no	0.24	no	0.18	no	0.06	no	0.11	no	0.03	no	0.06	no	0.05
examples/lossy_cast/x01.rs	no	0.06	no	0.04	no	0.04	no	0.49	no	0.04	no	0.03	no	0.03	no	0.38	no	0.04	no	0.03	no	0.03	no	0.07	no	0.03	no	0.22	no	0.10	no	0.03	no	0.01	no	0.04
examples/lossy_cast/x02.rs	no	0.10	no	0.05	no	0.09	no	0.07	no	0.09	no	0.06	no	0.04	no	0.46	no	0.04	no	0.03	no	0.04	no	0.11	no	0.02	yes	0.85	no	0.14	no	0.02	no	0.01	no	0.06
examples/lossy_cast/x03.rs	no	0.05	no	0.06	no	0.06	no	0.08	no	0.14	no	0.04	no	0.04	no	0.16	no	0.04	no	0.03	no	0.02	no	0.07	no	0.03	yes	0.90	no	0.36	no	0.02	no	0.02	no	0.05
examples/lossy_cast/x04.rs	no	0.10	no	0.07	no	0.10	no	0.07	no	0.16	no	0.04	no	0.04	no	0.06	no	0.09	no	0.04	no	0.04	no	0.09	no	0.04	no	0.46	no	0.10	no	0.06	no	0.02	no	0.03
examples/lossy_cast/x05.rs	no	0.24	no	0.07	no	0.40	no	0.07	no	0.09	no	0.05	no	0.04	no	0.08	no	0.17	no	0.04	no	0.04	no	0.11	no	0.10	yes	0.95	no	0.07	no	0.03	no	0.02	no	0.04
examples/lossy_cast/x06.rs	no	0.08	no	0.07	no	0.07	no	0.06	no	0.11	no	0.15	no	0.04	no	0.17	no	0.06	no	0.03	no	0.07	no	0.22	no	0.03	no	0.77	no	0.17	no	0.07	no	0.02	no	0.07
examples/lossy_cast/x07.rs	no	0.32	no	0.08	no	0.31	no	0.07	no	0.15	no	0.07	no	0.04	no	0.07	no	0.16	no	0.03	no	0.05	no	0.11	no	0.03	no	0.32	no	0.15	no	0.03	no	0.02	no	0.04
examples/lossy_cast/x08.rs	no	0.14	no	0.08	no	0.31	no	0.09	no	0.15	no	0.05	no	0.05	no	0.06	no	0.16	no	0.03	no	0.05	no	0.10	no	0.03	yes	0.88	no	0.09	no	0.03	no	0.02	no	0.10
examples/lossy_cast/x09.rs	no	0.20	no	0.16	no	0.33	no	0.15	no	0.27	no	0.07	no	0.11	no	0.42	no	0.53	no	0.04	no	0.06	no	0.22	no	0.08	yes	0.88	no	0.10	no	0.03	no	0.05	no	0.06
examples/lossy_cast/x10.rs	no	0.11	no	0.08	no	0.11	no	0.14	no	0.31	no	0.06	no	0.06	no	0.19	no	0.07	no	0.04	no	0.08	no	0.27	no	0.08	no	0.41	no	0.15	no	0.03	no	0.03	no	0.05
examples/manual_reimpl/x01.rs	no	0.05	no	0.05	no	0.04	no	0.04	no	0.03	no	0.02	no	0.04	no	0.21	no	0.03	no	0.03	no	0.02	no	0.25	no	0.02	no	0.04	no	0.05	no	0.02	no	0.01	no	0.04
examples/manual_reimpl/x02.rs	no	0.13	no	0.05	no	0.17	no	0.03	no	0.05	no	0.07	no	0.03	no	0.04	no	0.34	no	0.03	no	0.03	yes	0.89	no	0.02	no	0.03	no	0.05	no	0.02	no	0.02	no	0.05
examples/manual_reimpl/x03.rs	no	0.07	no	0.07	no	0.05	no	0.03	no	0.05	no	0.21	no	0.03	no	0.03	no	0.04	no	0.03	no	0.02	yes	0.92	no	0.02	no	0.02	no	0.04	no	0.02	no	0.01	no	0.04
examples/manual_reimpl/x04.rs	no	0.15	no	0.10	no	0.25	no	0.04	no	0.18	no	0.04	no	0.04	no	0.04	no	0.05	no	0.05	no	0.02	no	0.29	no	0.03	no	0.04	no	0.06	no	0.02	no	0.02	no	0.04
examples/manual_reimpl/x05.rs	no	0.08	no	0.06	no	0.20	no	0.05	no	0.05	no	0.04	no	0.03	no	0.06	no	0.05	no	0.03	no	0.03	yes	0.88	no	0.03	no	0.05	no	0.09	no	0.03	no	0.02	no	0.04
examples/manual_reimpl/x06.rs	no	0.09	no	0.05	no	0.06	no	0.04	no	0.06	no	0.04	no	0.04	no	0.04	no	0.05	no	0.04	no	0.02	no	0.44	no	0.04	no	0.20	no	0.08	no	0.03	no	0.02	no	0.04
examples/manual_reimpl/x07.rs	no	0.23	no	0.06	no	0.51	no	0.06	no	0.06	no	0.06	no	0.04	no	0.08	no	0.13	no	0.04	no	0.04	no	0.12	no	0.10	no	0.04	no	0.07	no	0.02	no	0.02	no	0.04
examples/manual_reimpl/x08.rs	no	0.11	no	0.09	no	0.28	no	0.07	no	0.17	no	0.16	no	0.04	no	0.46	no	0.05	no	0.06	no	0.04	yes	0.48	no	0.08	no	0.05	no	0.08	no	0.03	no	0.02	no	0.04
examples/manual_reimpl/x09.rs	no	0.08	no	0.07	no	0.18	no	0.09	no	0.19	no	0.05	no	0.05	no	0.41	no	0.05	no	0.04	no	0.05	no	0.22	no	0.10	no	0.07	no	0.09	no	0.03	no	0.03	no	0.06
examples/manual_reimpl/x10.rs	no	0.15	no	0.08	no	0.13	no	0.13	no	0.48	no	0.07	no	0.04	no	0.07	no	0.09	no	0.04	no	0.08	yes	0.74	no	0.04	no	0.04	no	0.16	no	0.03	no	0.02	no	0.05
examples/needless_clone/x01.rs	no	0.08	no	0.10	no	0.08	no	0.04	no	0.04	no	0.03	-	0.04	-	0.06	-	0.04	-	0.03	-	0.03	-	0.10	-	0.03	-	0.81	-	0.05	-	0.10	-	0.02	-	0.04
examples/needless_clone/x02.rs	no	0.05	no	0.08	yes	0.83	no	0.04	no	0.10	no	0.03	-	0.03	-	0.04	-	0.32	-	0.03	-	0.02	-	0.38	-	0.02	-	0.03	-	0.05	-	0.02	-	0.01	-	0.03
examples/needless_clone/x03.rs	no	0.20	no	0.12	yes	0.76	no	0.33	no	0.04	no	0.03	-	0.03	-	0.21	-	0.04	-	0.03	-	0.02	-	0.05	-	0.02	-	0.03	-	0.04	-	0.02	-	0.01	-	0.06
examples/needless_clone/x04.rs	no	0.13	no	0.15	no	0.22	no	0.12	no	0.23	no	0.08	-	0.04	-	0.06	-	0.09	-	0.04	-	0.04	-	0.11	-	0.20	-	0.04	-	0.32	-	0.03	-	0.07	-	0.04
examples/needless_clone/x05.rs	no	0.17	no	0.09	yes	0.75	no	0.10	no	0.06	no	0.04	-	0.04	-	0.17	-	0.10	-	0.03	-	0.04	-	0.29	-	0.14	-	0.07	-	0.09	-	0.03	-	0.02	-	0.94
examples/needless_clone/x06.rs	no	0.11	no	0.09	no	0.26	no	0.08	no	0.36	no	0.09	-	0.15	-	0.20	-	0.09	-	0.04	-	0.80	-	0.21	-	0.06	-	0.05	-	0.07	-	0.02	-	0.05	-	0.04
examples/needless_clone/x07.rs	no	0.19	no	0.06	no	0.28	no	0.05	no	0.26	no	0.05	-	0.04	-	0.09	-	0.05	-	0.03	-	0.04	-	0.18	-	0.03	-	0.04	-	0.15	-	0.08	-	0.02	-	0.05
examples/needless_clone/x08.rs	no	0.16	no	0.12	yes	0.80	no	0.09	no	0.33	no	0.16	-	0.05	-	0.25	-	0.08	-	0.05	-	0.05	-	0.55	-	0.08	-	0.15	-	0.11	-	0.08	-	0.02	-	0.10
examples/needless_clone/x09.rs	no	0.49	no	0.08	no	0.35	no	0.07	no	0.31	no	0.09	-	0.04	-	0.13	-	0.38	-	0.05	-	0.05	-	0.19	-	0.23	-	0.05	-	0.08	-	0.03	-	0.02	-	0.05
examples/needless_clone/x10.rs	no	0.19	no	0.14	yes	0.20	no	0.40	no	0.34	no	0.33	-	0.06	-	0.22	-	0.16	-	0.04	-	0.08	-	0.28	-	0.07	-	0.39	-	0.11	-	0.03	-	0.05	-	0.84
examples/needless_collect/x01.rs	no	0.12	no	0.04	no	0.08	no	0.04	no	0.08	no	0.04	-	0.03	-	0.06	-	0.05	-	0.03	-	0.03	-	0.05	-	0.03	-	0.03	-	0.04	-	0.02	-	0.01	-	0.04
examples/needless_collect/x02.rs	no	0.11	no	0.06	no	0.07	no	0.04	yes	0.96	no	0.03	-	0.03	-	0.03	-	0.07	-	0.03	-	0.02	-	0.15	-	0.02	-	0.03	-	0.05	-	0.03	-	0.01	-	0.04
examples/needless_collect/x03.rs	no	0.14	no	0.06	no	0.07	no	0.30	yes	0.96	no	0.05	-	0.04	-	0.41	-	0.08	-	0.03	-	0.03	-	0.11	-	0.04	-	0.03	-	0.06	-	0.02	-	0.02	-	0.04
examples/needless_collect/x04.rs	no	0.12	no	0.06	no	0.20	no	0.05	no	0.41	no	0.05	-	0.05	-	0.07	-	0.06	-	0.03	-	0.03	-	0.43	-	0.17	-	0.05	-	0.10	-	0.03	-	0.02	-	0.05
examples/needless_collect/x05.rs	no	0.10	no	0.06	no	0.08	no	0.04	yes	0.88	no	0.09	-	0.03	-	0.04	-	0.05	-	0.05	-	0.03	-	0.41	-	0.04	-	0.04	-	0.08	-	0.03	-	0.02	-	0.04
examples/needless_collect/x06.rs	no	0.09	no	0.05	no	0.06	no	0.06	no	0.46	no	0.04	-	0.04	-	0.87	-	0.06	-	0.04	-	0.03	-	0.06	-	0.03	-	0.10	-	0.09	-	0.05	-	0.02	-	0.07
examples/needless_collect/x07.rs	no	0.09	no	0.07	no	0.12	no	0.04	yes	0.94	no	0.08	-	0.04	-	0.05	-	0.08	-	0.05	-	0.03	-	0.06	-	0.03	-	0.12	-	0.07	-	0.05	-	0.02	-	0.04
examples/needless_collect/x08.rs	no	0.19	no	0.17	no	0.25	no	0.10	no	0.16	no	0.06	-	0.05	-	0.33	-	0.05	-	0.04	-	0.09	-	0.21	-	0.07	-	0.06	-	0.08	-	0.03	-	0.03	-	0.05
examples/needless_collect/x09.rs	no	0.18	no	0.10	no	0.13	no	0.08	yes	0.87	no	0.11	-	0.04	-	0.22	-	0.14	-	0.05	-	0.06	-	0.29	-	0.28	-	0.05	-	0.08	-	0.03	-	0.02	-	0.70
examples/needless_collect/x10.rs	no	0.16	no	0.09	no	0.15	no	0.06	no	0.38	no	0.10	-	0.05	-	0.27	-	0.09	-	0.04	-	0.06	-	0.58	-	0.11	-	0.46	-	0.13	-	0.03	-	0.02	-	0.80
examples/quadratic/x01.rs	no	0.15	no	0.06	no	0.13	no	0.03	no	0.12	yes	0.95	-	0.04	-	0.06	-	0.05	-	0.03	-	0.04	-	0.40	-	0.05	-	0.03	-	0.05	-	0.02	-	0.01	-	0.03
examples/quadratic/x02.rs	no	0.06	no	0.05	no	0.06	no	0.04	no	0.06	no	0.11	-	0.03	-	0.05	-	0.09	-	0.04	-	0.03	-	0.29	-	0.02	-	0.04	-	0.09	-	0.02	-	0.02	-	0.03
examples/quadratic/x03.rs	no	0.07	no	0.06	no	0.07	no	0.04	no	0.46	yes	0.93	-	0.03	-	0.04	-	0.03	-	0.03	-	0.03	-	0.48	-	0.02	-	0.12	-	0.06	-	0.04	-	0.01	-	0.05
examples/quadratic/x04.rs	no	0.09	no	0.06	no	0.07	no	0.08	no	0.26	no	0.09	-	0.03	-	0.07	-	0.07	-	0.07	-	0.07	-	0.15	-	0.06	-	0.43	-	0.23	-	0.03	-	0.02	-	0.04
examples/quadratic/x05.rs	no	0.06	no	0.07	no	0.08	no	0.06	no	0.15	no	0.06	-	0.04	-	0.05	-	0.03	-	0.03	-	0.42	-	0.18	-	0.04	-	0.12	-	0.09	-	0.05	-	0.02	-	0.04
examples/quadratic/x06.rs	no	0.10	no	0.08	no	0.08	no	0.06	no	0.23	yes	0.92	-	0.04	-	0.09	-	0.17	-	0.04	-	0.06	-	0.11	-	0.03	-	0.05	-	0.14	-	0.03	-	0.02	-	0.84
examples/quadratic/x07.rs	no	0.11	no	0.09	no	0.21	no	0.05	no	0.27	yes	0.83	-	0.04	-	0.13	-	0.07	-	0.04	-	0.04	-	0.25	-	0.04	-	0.32	-	0.16	-	0.03	-	0.02	-	0.05
examples/quadratic/x08.rs	no	0.16	no	0.10	no	0.22	no	0.09	no	0.41	no	0.18	-	0.05	-	0.15	-	0.21	-	0.04	-	0.07	-	0.25	-	0.49	-	0.25	-	0.12	-	0.10	-	0.02	-	0.82
examples/quadratic/x09.rs	no	0.34	no	0.13	no	0.43	no	0.17	no	0.43	yes	0.82	-	0.05	-	0.11	-	0.11	-	0.04	-	0.06	-	0.47	-	0.18	-	0.44	-	0.11	-	0.03	-	0.03	-	0.82
examples/quadratic/x10.rs	no	0.13	no	0.07	no	0.14	no	0.07	no	0.48	no	0.17	-	0.04	-	0.09	-	0.17	-	0.05	-	0.10	-	0.27	-	0.37	-	0.05	-	0.14	-	0.03	-	0.03	-	0.06
examples/rc_cycle/x01.rs	no	0.10	no	0.08	no	0.27	no	0.04	no	0.04	no	0.12	no	0.05	no	0.05	no	0.04	no	0.03	no	0.03	no	0.04	no	0.03	no	0.03	no	0.05	no	0.02	no	0.06	no	0.04
examples/rc_cycle/x02.rs	no	0.07	no	0.08	no	0.26	no	0.04	no	0.05	no	0.05	no	0.06	no	0.05	no	0.04	no	0.03	no	0.03	no	0.07	no	0.03	no	0.03	no	0.06	no	0.02	yes	0.93	no	0.04
examples/rc_cycle/x03.rs	no	0.05	no	0.05	no	0.07	no	0.04	no	0.03	no	0.03	no	0.12	no	0.06	no	0.08	no	0.03	no	0.03	no	0.06	no	0.03	no	0.04	no	0.07	no	0.03	yes	0.66	no	0.04
examples/rc_cycle/x04.rs	no	0.17	no	0.07	no	0.38	no	0.05	no	0.12	no	0.05	no	0.05	no	0.05	no	0.04	no	0.03	no	0.03	no	0.78	no	0.03	no	0.06	no	0.07	no	0.02	no	0.13	no	0.04
examples/rc_cycle/x05.rs	no	0.12	no	0.09	no	0.39	no	0.10	no	0.29	no	0.09	no	0.06	no	0.10	no	0.07	no	0.04	no	0.05	no	0.18	no	0.07	no	0.04	no	0.08	no	0.03	yes	0.90	no	0.05
examples/rc_cycle/x06.rs	no	0.13	no	0.11	no	0.33	no	0.22	no	0.36	no	0.09	no	0.03	no	0.09	no	0.06	no	0.03	no	0.04	no	0.18	no	0.05	no	0.07	no	0.19	no	0.03	no	0.07	no	0.04
examples/rc_cycle/x07.rs	no	0.07	no	0.08	no	0.27	no	0.04	no	0.06	no	0.04	no	0.10	no	0.07	no	0.06	no	0.05	no	0.03	no	0.07	no	0.03	no	0.04	no	0.06	no	0.02	no	0.08	no	0.04
examples/rc_cycle/x08.rs	no	0.17	no	0.10	no	0.39	no	0.39	no	0.65	no	0.28	no	0.37	no	0.38	no	0.08	no	0.05	no	0.07	no	0.15	no	0.22	no	0.23	no	0.17	no	0.04	yes	0.36	no	0.06
examples/rc_cycle/x09.rs	no	0.23	no	0.10	no	0.49	no	0.08	no	0.22	no	0.10	no	0.06	no	0.11	no	0.07	no	0.05	no	0.05	no	0.48	no	0.20	no	0.05	no	0.07	no	0.03	no	0.09	no	0.05
examples/rc_cycle/x10.rs	no	0.37	no	0.09	no	0.48	no	0.06	no	0.50	no	0.07	no	0.04	no	0.09	no	0.05	no	0.04	no	0.04	no	0.12	no	0.03	no	0.05	no	0.11	no	0.03	yes	0.84	no	0.05
examples/silent_error/x01.rs	no	0.09	no	0.06	no	0.08	no	0.12	no	0.32	no	0.05	no	0.03	yes	0.96	no	0.07	no	0.03	no	0.03	no	0.09	no	0.03	no	0.04	no	0.06	no	0.02	no	0.01	no	0.05
examples/silent_error/x02.rs	no	0.08	no	0.05	no	0.07	no	0.05	no	0.06	no	0.04	no	0.03	no	0.19	no	0.04	no	0.03	no	0.02	no	0.30	no	0.02	no	0.04	no	0.06	no	0.02	no	0.01	no	0.05
examples/silent_error/x03.rs	no	0.10	no	0.06	no	0.12	no	0.04	no	0.11	no	0.05	no	0.03	no	0.05	no	0.07	no	0.03	no	0.02	no	0.23	no	0.02	no	0.04	no	0.07	no	0.02	no	0.01	no	0.11
examples/silent_error/x04.rs	no	0.11	no	0.07	no	0.08	no	0.32	no	0.09	no	0.05	no	0.04	yes	0.93	no	0.08	no	0.04	no	0.05	no	0.08	no	0.04	no	0.21	no	0.15	no	0.04	no	0.02	no	0.06
examples/silent_error/x05.rs	no	0.10	no	0.07	no	0.20	no	0.07	no	0.31	no	0.06	no	0.05	no	0.42	no	0.06	no	0.04	no	0.05	no	0.28	no	0.03	no	0.08	no	0.07	no	0.03	no	0.03	no	0.06
examples/silent_error/x06.rs	no	0.14	no	0.06	no	0.20	no	0.20	no	0.06	no	0.05	no	0.04	yes	0.96	no	0.42	no	0.05	no	0.03	no	0.10	no	0.04	no	0.05	no	0.06	no	0.03	no	0.02	no	0.05
examples/silent_error/x07.rs	no	0.34	no	0.09	no	0.42	no	0.28	no	0.45	no	0.07	no	0.04	no	0.15	no	0.09	no	0.04	no	0.06	no	0.27	no	0.08	no	0.08	no	0.11	no	0.04	no	0.02	no	0.06
examples/silent_error/x08.rs	no	0.24	no	0.13	no	0.25	no	0.10	no	0.41	no	0.06	no	0.05	yes	0.93	no	0.09	no	0.06	no	0.04	no	0.14	no	0.07	no	0.06	no	0.11	no	0.03	no	0.02	no	0.08
examples/silent_error/x09.rs	no	0.21	no	0.17	no	0.22	no	0.13	no	0.30	no	0.07	no	0.06	yes	0.91	no	0.06	no	0.05	no	0.04	no	0.25	no	0.10	no	0.09	no	0.09	no	0.03	no	0.02	no	0.08
examples/silent_error/x10.rs	no	0.36	no	0.12	no	0.44	no	0.30	no	0.31	no	0.07	no	0.06	no	0.32	no	0.11	no	0.04	no	0.05	no	0.32	no	0.07	no	0.05	no	0.09	no	0.03	no	0.03	no	0.07
examples/slice_param/x01.rs	no	0.11	no	0.06	no	0.09	no	0.03	no	0.06	no	0.04	-	0.04	-	0.03	-	0.38	-	0.03	-	0.03	-	0.06	-	0.02	-	0.03	-	0.05	-	0.02	-	0.01	-	0.04
examples/slice_param/x02.rs	no	0.06	yes	0.93	no	0.05	no	0.04	no	0.07	no	0.03	-	0.03	-	0.05	-	0.05	-	0.03	-	0.03	-	0.04	-	0.03	-	0.09	-	0.06	-	0.04	-	0.01	-	0.05
examples/slice_param/x03.rs	no	0.05	yes	0.95	no	0.05	no	0.03	no	0.10	no	0.05	-	0.04	-	0.05	-	0.08	-	0.03	-	0.02	-	0.08	-	0.03	-	0.04	-	0.06	-	0.02	-	0.01	-	0.05
examples/slice_param/x04.rs	no	0.11	no	0.16	no	0.10	no	0.16	no	0.09	no	0.05	-	0.03	-	0.48	-	0.07	-	0.04	-	0.03	-	0.26	-	0.03	-	0.04	-	0.05	-	0.03	-	0.02	-	0.05
examples/slice_param/x05.rs	no	0.07	yes	0.54	no	0.06	no	0.05	no	0.10	no	0.05	-	0.04	-	0.30	-	0.08	-	0.03	-	0.03	-	0.08	-	0.03	-	0.04	-	0.05	-	0.05	-	0.02	-	0.05
examples/slice_param/x06.rs	no	0.13	no	0.25	no	0.12	no	0.06	no	0.12	no	0.10	-	0.04	-	0.11	-	0.06	-	0.03	-	0.05	-	0.20	-	0.05	-	0.04	-	0.07	-	0.03	-	0.02	-	0.05
examples/slice_param/x07.rs	no	0.10	yes	0.66	no	0.12	no	0.13	no	0.09	no	0.09	-	0.04	-	0.28	-	0.10	-	0.04	-	0.03	-	0.24	-	0.09	-	0.04	-	0.06	-	0.03	-	0.02	-	0.05
examples/slice_param/x08.rs	no	0.14	no	0.09	no	0.29	no	0.11	no	0.31	no	0.07	-	0.05	-	0.16	-	0.07	-	0.04	-	0.05	-	0.20	-	0.27	-	0.16	-	0.11	-	0.05	-	0.03	-	0.06
examples/slice_param/x09.rs	no	0.11	yes	0.45	no	0.19	no	0.14	no	0.17	no	0.10	-	0.20	-	0.22	-	0.14	-	0.04	-	0.06	-	0.39	-	0.09	-	0.07	-	0.15	-	0.03	-	0.06	-	0.05
examples/slice_param/x10.rs	no	0.22	no	0.11	no	0.32	no	0.09	no	0.14	no	0.10	-	0.06	-	0.86	-	0.12	-	0.04	-	0.05	-	0.34	-	0.03	-	0.06	-	0.10	-	0.03	-	0.03	-	0.07
examples/string_errors/x01.rs	no	0.07	no	0.05	no	0.06	no	0.07	no	0.04	no	0.04	no	0.04	no	0.05	no	0.32	no	0.03	no	0.03	no	0.05	no	0.03	no	0.05	no	0.20	no	0.02	no	0.02	no	0.03
examples/string_errors/x02.rs	no	0.09	no	0.06	no	0.06	no	0.06	no	0.05	no	0.03	no	0.04	no	0.04	no	0.48	no	0.03	no	0.04	no	0.06	no	0.03	no	0.06	no	0.09	no	0.03	no	0.02	yes	0.93
examples/string_errors/x03.rs	no	0.06	no	0.05	no	0.04	no	0.04	no	0.03	no	0.02	no	0.03	no	0.04	no	0.19	no	0.03	no	0.02	no	0.04	no	0.03	no	0.04	no	0.07	no	0.02	no	0.01	yes	0.91
examples/string_errors/x04.rs	no	0.19	no	0.09	no	0.32	no	0.05	no	0.64	no	0.04	no	0.04	no	0.05	no	0.07	no	0.04	no	0.04	no	0.15	no	0.03	no	0.05	no	0.08	no	0.02	no	0.02	no	0.04
examples/string_errors/x05.rs	no	0.10	no	0.08	no	0.09	no	0.06	no	0.07	no	0.70	no	0.04	no	0.05	no	0.07	no	0.04	no	0.03	no	0.10	no	0.09	no	0.05	no	0.11	no	0.03	no	0.02	yes	0.94
examples/string_errors/x06.rs	no	0.14	no	0.07	no	0.09	no	0.07	no	0.14	no	0.07	no	0.04	no	0.10	no	0.28	no	0.04	no	0.04	no	0.12	no	0.05	no	0.05	no	0.07	no	0.03	no	0.01	no	0.39
examples/string_errors/x07.rs	no	0.08	no	0.06	no	0.09	no	0.05	no	0.04	no	0.04	no	0.04	no	0.04	no	0.04	no	0.04	no	0.38	no	0.04	no	0.04	no	0.05	no	0.06	no	0.03	no	0.02	yes	0.91
examples/string_errors/x08.rs	no	0.26	no	0.17	no	0.50	no	0.17	no	0.29	no	0.06	no	0.37	no	0.17	no	0.11	no	0.04	no	0.04	no	0.09	no	0.11	no	0.08	no	0.09	no	0.03	no	0.05	no	0.04
examples/string_errors/x09.rs	no	0.12	no	0.08	no	0.10	no	0.08	no	0.17	no	0.05	no	0.04	no	0.06	no	0.11	no	0.04	no	0.14	no	0.14	no	0.06	no	0.06	no	0.10	no	0.03	no	0.02	no	0.04
examples/string_errors/x10.rs	no	0.19	no	0.09	no	0.42	no	0.08	no	0.54	no	0.12	no	0.06	no	0.12	no	0.12	no	0.04	no	0.05	no	0.29	no	0.61	no	0.06	no	0.15	no	0.03	no	0.03	yes	0.95
examples/stringly_typed/x01.rs	no	0.08	no	0.05	no	0.12	no	0.04	no	0.03	no	0.03	no	0.04	no	0.08	no	0.11	no	0.03	no	0.02	no	0.04	no	0.03	no	0.03	no	0.05	no	0.03	no	0.01	no	0.10
examples/stringly_typed/x02.rs	no	0.18	no	0.08	no	0.35	no	0.04	no	0.03	no	0.02	no	0.03	no	0.05	yes	0.96	no	0.03	no	0.03	no	0.05	no	0.03	no	0.03	no	0.04	no	0.02	no	0.01	no	0.04
examples/stringly_typed/x03.rs	no	0.04	no	0.06	no	0.04	no	0.03	no	0.02	no	0.03	no	0.03	no	0.03	yes	0.96	no	0.03	no	0.02	no	0.05	no	0.03	no	0.03	no	0.04	no	0.02	no	0.01	no	0.19
examples/stringly_typed/x04.rs	no	0.12	no	0.06	no	0.07	no	0.10	no	0.31	no	0.05	no	0.04	no	0.16	no	0.07	no	0.04	no	0.03	no	0.25	no	0.12	no	0.04	no	0.07	no	0.03	no	0.02	no	0.06
examples/stringly_typed/x05.rs	no	0.41	no	0.13	no	0.60	no	0.12	no	0.08	no	0.04	no	0.04	no	0.35	yes	0.90	no	0.04	no	0.03	no	0.06	no	0.13	no	0.04	no	0.06	no	0.03	no	0.02	no	0.07
examples/stringly_typed/x06.rs	no	0.30	no	0.06	no	0.34	no	0.06	no	0.38	no	0.05	no	0.04	no	0.06	no	0.12	no	0.04	no	0.03	no	0.10	no	0.04	no	0.04	no	0.05	no	0.02	no	0.02	no	0.05
examples/stringly_typed/x07.rs	no	0.07	no	0.06	no	0.07	no	0.04	no	0.05	no	0.04	no	0.04	no	0.06	yes	0.95	no	0.04	no	0.03	no	0.09	no	0.03	no	0.05	no	0.08	no	0.03	no	0.02	no	0.05
examples/stringly_typed/x08.rs	no	0.17	no	0.11	no	0.42	no	0.08	no	0.27	no	0.07	no	0.06	no	0.24	no	0.09	no	0.04	no	0.07	no	0.22	no	0.06	no	0.07	no	0.09	no	0.03	no	0.03	no	0.08
examples/stringly_typed/x09.rs	no	0.26	no	0.22	no	0.48	no	0.20	no	0.45	no	0.08	no	0.12	no	0.14	yes	0.91	no	0.05	no	0.05	no	0.28	no	0.18	no	0.11	no	0.11	no	0.04	no	0.03	no	0.07
examples/stringly_typed/x10.rs	no	0.27	no	0.10	no	0.45	no	0.35	no	0.47	no	0.08	no	0.11	no	0.20	no	0.12	no	0.04	no	0.05	no	0.25	no	0.08	no	0.06	no	0.07	no	0.03	no	0.03	no	0.06
examples/unsigned_underflow/x01.rs	no	0.07	no	0.07	no	0.09	no	0.20	no	0.48	no	0.04	no	0.03	no	0.06	no	0.04	no	0.03	no	0.03	no	0.05	no	0.02	no	0.04	yes	0.93	no	0.02	no	0.01	no	0.05
examples/unsigned_underflow/x02.rs	no	0.07	no	0.05	no	0.07	no	0.33	no	0.45	no	0.41	no	0.04	no	0.33	no	0.03	no	0.02	no	0.04	no	0.11	no	0.02	no	0.08	no	0.10	no	0.05	no	0.01	no	0.04
examples/unsigned_underflow/x03.rs	no	0.05	no	0.05	no	0.04	no	0.04	no	0.05	no	0.05	no	0.03	no	0.04	no	0.07	no	0.02	no	0.02	no	0.07	no	0.02	no	0.03	yes	0.74	no	0.02	no	0.01	no	0.04
examples/unsigned_underflow/x04.rs	no	0.08	no	0.06	no	0.08	no	0.06	no	0.14	no	0.05	no	0.04	no	0.06	no	0.07	no	0.04	no	0.04	no	0.09	no	0.11	no	0.05	no	0.13	no	0.03	no	0.02	no	0.03
examples/unsigned_underflow/x05.rs	no	0.10	no	0.08	no	0.12	no	0.07	no	0.42	no	0.32	no	0.04	no	0.06	no	0.04	no	0.03	no	0.05	no	0.37	no	0.02	no	0.04	yes	0.89	no	0.02	no	0.02	no	0.05
examples/unsigned_underflow/x06.rs	no	0.23	no	0.07	no	0.11	no	0.05	no	0.43	no	0.07	no	0.04	no	0.06	no	0.06	no	0.03	no	0.05	no	0.15	no	0.03	no	0.04	no	0.13	no	0.03	no	0.02	no	0.04
examples/unsigned_underflow/x07.rs	no	0.22	no	0.07	no	0.32	no	0.05	no	0.16	no	0.05	no	0.04	no	0.06	no	0.08	no	0.04	no	0.03	no	0.40	no	0.05	no	0.05	yes	0.95	no	0.03	no	0.02	no	0.04
examples/unsigned_underflow/x08.rs	no	0.11	no	0.07	no	0.11	no	0.26	no	0.08	no	0.05	no	0.04	no	0.44	no	0.08	no	0.05	no	0.13	no	0.10	no	0.04	no	0.06	no	0.17	no	0.03	no	0.02	no	0.04
examples/unsigned_underflow/x09.rs	no	0.11	no	0.07	no	0.28	no	0.19	no	0.28	no	0.08	no	0.13	no	0.26	no	0.07	no	0.04	no	0.07	no	0.26	no	0.18	no	0.06	yes	0.23	no	0.03	no	0.05	no	0.05
examples/unsigned_underflow/x10.rs	no	0.19	no	0.09	no	0.28	no	0.11	no	0.43	no	0.06	no	0.05	no	0.36	no	0.06	no	0.05	no	0.08	no	0.22	no	0.04	no	0.07	no	0.21	no	0.04	no	0.06	no	0.07
examples/unwrap/x01.rs	no	0.09	no	0.06	no	0.05	no	0.09	no	0.03	no	0.03	-	0.03	-	0.47	-	0.08	-	0.03	-	0.02	-	0.02	-	0.03	-	0.03	-	0.05	-	0.03	-	0.01	-	0.07
examples/unwrap/x02.rs	no	0.16	no	0.06	no	0.06	yes	0.89	no	0.08	no	0.03	-	0.04	-	0.92	-	0.15	-	0.03	-	0.03	-	0.05	-	0.06	-	0.04	-	0.05	-	0.02	-	0.02	-	0.06
examples/unwrap/x03.rs	no	0.10	no	0.06	no	0.07	yes	0.93	no	0.40	no	0.03	-	0.03	-	0.11	-	0.04	-	0.03	-	0.03	-	0.06	-	0.02	-	0.09	-	0.06	-	0.04	-	0.01	-	0.07
examples/unwrap/x04.rs	no	0.29	no	0.08	no	0.33	no	0.11	no	0.29	no	0.06	-	0.13	-	0.06	-	0.12	-	0.04	-	0.04	-	0.12	-	0.08	-	0.04	-	0.08	-	0.03	-	0.05	-	0.06
examples/unwrap/x05.rs	no	0.14	no	0.07	no	0.16	yes	0.91	no	0.15	no	0.05	-	0.04	-	0.18	-	0.07	-	0.03	-	0.04	-	0.22	-	0.05	-	0.14	-	0.06	-	0.11	-	0.01	-	0.06
examples/unwrap/x06.rs	no	0.18	no	0.09	no	0.47	no	0.29	no	0.06	no	0.06	-	0.04	-	0.06	-	0.19	-	0.04	-	0.03	-	0.38	-	0.04	-	0.06	-	0.07	-	0.03	-	0.03	-	0.05
examples/unwrap/x07.rs	no	0.16	no	0.07	no	0.13	yes	0.94	no	0.14	no	0.08	-	0.04	-	0.34	-	0.75	-	0.04	-	0.05	-	0.09	-	0.07	-	0.05	-	0.14	-	0.03	-	0.02	-	0.08
examples/unwrap/x08.rs	no	0.25	no	0.12	no	0.40	no	0.30	no	0.25	no	0.07	-	0.18	-	0.11	-	0.11	-	0.05	-	0.05	-	0.23	-	0.08	-	0.13	-	0.09	-	0.06	-	0.07	-	0.07
examples/unwrap/x09.rs	no	0.25	no	0.08	no	0.44	yes	0.32	no	0.11	no	0.07	-	0.05	-	0.11	-	0.12	-	0.04	-	0.04	-	0.17	-	0.09	-	0.85	-	0.07	-	0.25	-	0.02	-	0.10
examples/unwrap/x10.rs	no	0.24	no	0.32	no	0.30	no	0.18	no	0.25	no	0.07	-	0.85	-	0.18	-	0.39	-	0.08	-	0.07	-	0.20	-	0.36	-	0.06	-	0.10	-	0.03	-	0.04	-	0.06
